text,video_url,author,likes,time
The 3rd one is a flood not a tsunami they are common here in Turkey get your facts right,https://www.youtube.com/watch?v=MUC5kNCMetY,@Haunterie,0,
that turkish lady didn't give a fuck ğŸ˜‚,https://www.youtube.com/watch?v=MUC5kNCMetY,@RandomGrenadeFilms,0,
His Spanish is horrible. ğŸ¤£ğŸ¤£ğŸ¤£,https://www.youtube.com/watch?v=MUC5kNCMetY,@patrickcarter4012,0,
Hay 2 tipos de Tsunamis los de verdad y los de Hollywood ...ğŸ¤£ğŸ¤£ğŸ¤£ğŸ¤£ğŸ¤£,https://www.youtube.com/watch?v=MUC5kNCMetY,@fernandover9538,0,
5:12  that lady was confused as hell,https://www.youtube.com/watch?v=MUC5kNCMetY,@Gamingwithsaturo,1,
3:12 KUROMASHINAISISDDAS,https://www.youtube.com/watch?v=MUC5kNCMetY,@Gamingwithsaturo,0,
2:00  WOOOOOOOAAAAAAAAAHHHHHHHH,https://www.youtube.com/watch?v=MUC5kNCMetY,@Gamingwithsaturo,0,
"Is the first one A.I. generated, or C.G.I? Or are those synonymous?",https://www.youtube.com/watch?v=MUC5kNCMetY,@FastEddy1959,0,
"We wanna see 50-100m waves caught on camera, not sissy waves like these...",https://www.youtube.com/watch?v=MUC5kNCMetY,@jeromed2,0,
Where we live we have two gullies between us and the ocean so I always hope weâ€™re safe!,https://www.youtube.com/watch?v=MUC5kNCMetY,@janicevasey4038,0,
"Not a single big wave hitting shore in this whole damm video. Damm, what was the title here? Click baited to many times, I gotta unsubscribe to this channel.",https://www.youtube.com/watch?v=MUC5kNCMetY,@eddieh5039,0,
"The Younger Dyus extinction circa 10,900 B.C. caused a 400 ft  rirse in sea level whan a very large comet broke apart melting the North American and Greenland ice sheets that were 1 to 2 miles deep. The U.S. megafauna and Clovis tribe was wiped out. Massive tsunamies, earth quakes, fires, ice age caused world wide devastation.",https://www.youtube.com/watch?v=MUC5kNCMetY,@RobRoy-h5g,0,
It's just big waves,https://www.youtube.com/watch?v=MUC5kNCMetY,@Princess_Emu,0,
oahhhhhh ohhhhhh,https://www.youtube.com/watch?v=MUC5kNCMetY,@gubby-q6y,0,
Itâ€™s called the paradise tax.,https://www.youtube.com/watch?v=MUC5kNCMetY,@dianacryer,0,
"My heart still breaks for the Japanese people so many people who have lost loved ones especially the children and elderly. I love the Japanese people their Kindness, Respectful & Honor they are brought up learning. Itâ€™s very sad.",https://www.youtube.com/watch?v=MUC5kNCMetY,@gregj.gotham4402,0,
"AI speculation at best fear mongering from the liberal left.
They will start claiming man made climate changes caused by fossil fuel use caused earthquakes and volcanoes",https://www.youtube.com/watch?v=MUC5kNCMetY,@billweg1463,0,
WHY DO PEOPLE STAND THERE LIKE THIS WILL BE GREAT FOR THE INTERNET LIKE WHY R THEY SO STUPID,https://www.youtube.com/watch?v=MUC5kNCMetY,@Elitecamz0,1,
"What the fuck kind of animation was that? A water column may only rise vertically, perpendicular to the ocean floor. Fukin' AI bullshit!",https://www.youtube.com/watch?v=MUC5kNCMetY,@alpussycatthesubstantialch4049,0,
"It's not so much the height of the wave, which is obviously important, but the wavelength.
Wind waves, such as what surfers like to ride, can get very tall but have very short wavelengths and thus will crash on shore and dissipate quickly.

The energy of a long-wavelength wave will just continue to push inland even long after the peak has passed.",https://www.youtube.com/watch?v=MUC5kNCMetY,@chrislong3938,0,
IT IS CALLED A TIDAL WAVE STUPID PEOPLE,https://www.youtube.com/watch?v=MUC5kNCMetY,@jerryslagill4302,0,
"Fake  pictures in the  beginning ,,,not interested in this  junk .  waste  of time --",https://www.youtube.com/watch?v=MUC5kNCMetY,@jjshoot2425,0,
'Â¡ time to float !',https://www.youtube.com/watch?v=MUC5kNCMetY,@Asia-sk8lc,0,
We had a tsunami but it did not hit us,https://www.youtube.com/watch?v=MUC5kNCMetY,@KanealaKauahi-Kahookele,0,
You WHY DO PEOPLE IGNORE WARNINGS AND ğŸ˜®LEAVE CARS THERE BY RETAINER WALLS ?? STUPID!!!!,https://www.youtube.com/watch?v=MUC5kNCMetY,@JOYCERANNE-PEREZ,1,
"They donâ€™t even mention the deadliest tsunami in recorded historyâ€¦. The 2004 Indonesia earthquake and subsequent tsunami that killed an estimated 250,000 peopleâ€¦",https://www.youtube.com/watch?v=MUC5kNCMetY,@kevinsamuelson4428,0,
That was Japan and not China,https://www.youtube.com/watch?v=MUC5kNCMetY,@TeddyBear-os7is,0,
2:04 You're my sexy juice taco!,https://www.youtube.com/watch?v=MUC5kNCMetY,@pchn0071,0,
ğŸ•ŠğŸ•¯ğŸ•ŠğŸ•Š,https://www.youtube.com/watch?v=MUC5kNCMetY,@devoradamaris,1,
"The last Japanese tsunami left around 230k homeless but that was also the boxing day Indian ocean death toll.
Shit man......that's some sobering peperspective.",https://www.youtube.com/watch?v=MUC5kNCMetY,@garymccallum667,0,
"3:55 Minamisan Riku was erased from the map. Watch that video, 27 meters of water is an impressive sught to behold.",https://www.youtube.com/watch?v=MUC5kNCMetY,@TOGade-dj6jh,2,
The most terrifying natural disaster to exist- hands down.,https://www.youtube.com/watch?v=MUC5kNCMetY,@Tigglytoot,0,
"Why are these called acts of god?
Mother nature is the one doing this sh*t!
Always the woman not the man....",https://www.youtube.com/watch?v=MUC5kNCMetY,@BobChancer,0,
6:25  H U N G A  T U N G A  H U N G A  H A,https://www.youtube.com/watch?v=MUC5kNCMetY,@Apersonyesyup,0,
"19,000 dead is crazy",https://www.youtube.com/watch?v=MUC5kNCMetY,@dredenny6654,0,
Brotha you gotta be kidding me that 2022 tonga tsunami is considered normal wave in my home,https://www.youtube.com/watch?v=MUC5kNCMetY,@Nothing2_h,0,
ğŸ™ğŸ™ğŸ™ğŸ™ğŸ™ğŸ™ğŸ™ğŸ™ğŸ™ğŸ™ğŸ™ğŸ™ğŸ™ğŸ™ğŸ™ğŸ™ğŸ™ğŸ™ğŸ™ğŸ™ğŸ™ğŸ™ğŸ™ğŸ™ğŸ™ğŸ™ğŸ™ğŸ™ğŸ™ğŸ™ğŸ™ğŸ™ğŸ™ğŸ™ğŸ™,https://www.youtube.com/watch?v=MUC5kNCMetY,@michaelhudecek2778,0,
Canary islands Landslide from volcanic ground water into steam below surface caused a landslide and Tsunami,https://www.youtube.com/watch?v=MUC5kNCMetY,@Doug-v3m,0,
"And Japan is the most prepared in the world, yet death and destruction followed.",https://www.youtube.com/watch?v=MUC5kNCMetY,@Doug-v3m,0,
When To... Head to the Mountains...âœ¨âœ¨âœ¨âœ¨âœ¨âœ¨âœ¨,https://www.youtube.com/watch?v=MUC5kNCMetY,@dcpalmtree826,0,
Seiche waves,https://www.youtube.com/watch?v=MUC5kNCMetY,@LindaMerchant-c8x8i,0,
Riding it out,https://www.youtube.com/watch?v=MUC5kNCMetY,@LindaMerchant-c8x8i,0,
Lituya bay 1959 largest ever mega tsunami 900 feet high or greater Alaska,https://www.youtube.com/watch?v=MUC5kNCMetY,@LindaMerchant-c8x8i,1,
"But if I remember the story right,very little,if any of the wave got out of the bay.",https://www.youtube.com/watch?v=MUC5kNCMetY,@dochlldy,0,
Rogue waves tsunami,https://www.youtube.com/watch?v=MUC5kNCMetY,@LindaMerchant-c8x8i,0,
"Tsunamis is v
Based on the shape of the basin",https://www.youtube.com/watch?v=MUC5kNCMetY,@verothomas1524,0,
40 meters high ! I dont think so!!!,https://www.youtube.com/watch?v=MUC5kNCMetY,@gilberrocal1363,0,
"Eh these video clips suck, thereâ€™s ones 1,000x better than thisâ€¦ this is weak views compared to what Iâ€™ve seen",https://www.youtube.com/watch?v=MUC5kNCMetY,@Amfnenxbxjjjjss,0,
"""Tsunamis can't form just anywhere""

(shows rogue wave in the middle of the ocean in the thumbnail - calls it tsunami)",https://www.youtube.com/watch?v=MUC5kNCMetY,@HerrinSchadenfreude,0,
"Which one do you think was the rouge wave?That shot from the Coast Guard Cutter,was shot as it went over the first tsunami!There were no ""rouge waves"" anywhere in this video.",https://www.youtube.com/watch?v=MUC5kNCMetY,@dochlldy,0,
"Just remember there is nothing stoping a record breaking earthquake from happening again in the sea floor, one that causes a tsunamis so big all of San Fran  would be swept out to sea. If only we could be so lucky",https://www.youtube.com/watch?v=kLmopK-qDwk,@WheresMyInhaler,0,
Itâ€™s like walking out of a vault in fallout,https://www.youtube.com/watch?v=kLmopK-qDwk,@johnnybravo5048,1,
48:20 ã€Œé…·ã„ã£ã‚¹ã­ãˆã€ã€Œã¨ã‚Šã‚ãˆãšç¾å®Ÿè¦‹ã¨ã“ã†ã¨æ€ã£ã¦ã€æ´¥æ³¢ãã®ã‚‚ã®ã®æã‚ã—ã•ã‚’ä¼ãˆã¦ãã‚Œã‚‹æ˜ åƒã¯å¤šã„ã‘ã©ã€è¢«å®³ã‚’å—ã‘ã¦ã‹ã‚‰ä¸€æ™©æ˜ã‘ã¦å¾Œå‡¦ç†ã‚’ã—ãªã‘ã‚Œã°ã„ã‘ãªã„å½“äº‹è€…ã•ã‚“ãŸã¡ã®è™šç„¡æ„Ÿ(è¨€è‘‰é–“é•ã£ã¦ã„ãŸã‚‰ã™ã¿ã¾ã›ã‚“)ã‚‚æ˜ åƒã«æ®‹ã—ã¦å…¬é–‹ã—ã¦ãã‚Œã‚‹ã®ã‚ã‚ŠãŒãŸã„ã§ã™ã€‚,https://www.youtube.com/watch?v=kLmopK-qDwk,@cawaiiinu,0,
Those people are freezing. It is near freezing temperatures outside with snow flurries.,https://www.youtube.com/watch?v=kLmopK-qDwk,@407X,0,
CAH DERMO PRANGGANG JAWA TIMUR NAGIH JANJI,https://www.youtube.com/watch?v=kLmopK-qDwk,@JUAN.MONDES,0,
T0k n0 maneh RUDALMU WIS lebih dari 19 tahun mompong KAR titik nduk deso DERMO Ben buongko kabeh dari pada di seks0,https://www.youtube.com/watch?v=kLmopK-qDwk,@JUAN.MONDES,0,
"Mata mu mu picek OPO Ra mikir nek akibat rudal koxok ngene mata mu melek E kar she Yekti, mata mu nyamar2 zo tetep picek Karo anak",https://www.youtube.com/watch?v=kLmopK-qDwk,@JUAN.MONDES,0,
"Melek 0 picek mu she inshe Yekti mata mu picek, aku JEK urep , aku zo ngawe pikiran ku Dewe kok mbok kek arwah e wong buongko 0p0 guna ne, nek mata mu rapicek jupuken OPO seng kok dekek nduk organ tubuh ku",https://www.youtube.com/watch?v=kLmopK-qDwk,@JUAN.MONDES,0,
ğŸ™ğŸ¤²ğŸŒŠ,https://www.youtube.com/watch?v=kLmopK-qDwk,@ĞÑ…Ğ¼ĞµĞ´Ğ¾Ğ²Ğ¤Ğ¸Ğ·ÑƒĞ»Ğ¸,0,
æœæ—¥ã ã‘ã¯ã„ã¤ã‚‚ã®ã‚ˆã†ã«æ˜‡ã£ã¦ãã¦ã€ç„¡æƒ…ã«ã‚‚éæ—¥å¸¸ãªè¡—ã®æƒ¨çŠ¶ã‚’ç…§ã‚‰ã—å‡ºã™,https://www.youtube.com/watch?v=kLmopK-qDwk,@N_Pooh7,1,
Woah didnt know kamaishi had such tall buildings?!,https://www.youtube.com/watch?v=kLmopK-qDwk,@BUrnttoacrisp-h9s,0,
Dios tiene memoria  .,https://www.youtube.com/watch?v=kLmopK-qDwk,@mariadoloresgonzalezalvare2694,0,
"there's been something speaking/growling/snarling/laughing with a d3monic sounding voice for almost the whole video. i couldn't really understand what it was saying for most of it, but at 25:07 it sounds like it says, ""do you RRREALLY .."" i have to loop it a few more times to try to figure out the rest of what it's saying..

edit: i believe it's saying ""do you RRREALLY ..think you're not gonna di3?"" 
(i have to alter the way i write certain words or my comment will be removed)
it's still talking and snarling after that. really difficult to understand exactly what it's saying, but i'm sure it isn't nice. i'll add more time stamps if it speaks loudly and clearly enough for everyone else to hear.

27:09 you hear a small child sing-song something in her language. then you can hear ""shut....up...the BITCH"" the last 2 words are loudest at 27:14
it's been adding its two cents in and snarling the whole time since the last time stamp, but at 32:14 you can hear it's really getting fed up with them in its space, so it shouts ""GO!"" lol 

the whole thing is blowing my mind, from the fact this thing really exists and is talking, to the fact it is speaking in english. why is it speaking in English??

44:32 a completely different entity is speaking. i don't understand what it's saying. typical ghost whisper
44:43 d3monic deep growl-words., followed by a growling inhale ..so deep, i can't understand it. the voice is like a growing lion mixed with a growling monster. stereotypical d3mon.",https://www.youtube.com/watch?v=kLmopK-qDwk,@gic8849,1,
"Very interesting....I have watched the majority of these videos over and over since 2011 and never heard what you have heard.  I do hear strange sounds, though.  I am going to go back and listen for the things you heard.  People talk about the 2004 earthquake and tsunami being horrific, which it was; but it is NOTHING compared to this 2011 Japan earthquake and tsunami. Over 25,000 people lost their lives or are still missing.  Sending peace and love and safety and LIFE from Jesus Christ our Savior.  Love from Southern California.  ğŸ™âœï¸ğŸ™",https://www.youtube.com/watch?v=kLmopK-qDwk,@KM-Mink,1,
Â @KM-MinkÂ  i hear them fairly easily with these airpod pros. i can hear them in any video they're talking in..even movies and stuff. these airpods have opened up a whole new world for me. ..an interesting and somewhat terrifying world..,https://www.youtube.com/watch?v=kLmopK-qDwk,@gic8849,0,
"45:20 the growling entity is now growl-roar-screaming, sounds like a cheetah or something? a large cat, but not a very large cat lol. idk how to explain it",https://www.youtube.com/watch?v=kLmopK-qDwk,@gic8849,0,
è…æ•—ã—ãŸæ—¥æœ¬ç”Ÿãæ–¹ã²ã¨ã¤ã§å‘½å¤±ã†ãšã•ã‚“ãªé˜²ç½ç®¡ç†è€…,https://www.youtube.com/watch?v=kLmopK-qDwk,@å»£æ˜å‚æœ¬,1,
"6:21 - Ğ¡Ğ»Ñ‹ÑˆĞ½Ğ¾, ĞºĞ°Ğº Ğ½Ğ° Ñ„Ğ¾Ğ½Ğµ ĞºÑ‚Ğ¾-Ñ‚Ğ¾ ĞºÑ€ÑƒÑ‚Ğ¸Ñ‚ Ñ€ÑƒÑ‡Ğ½Ğ¾Ğ¹ ÑĞ»ĞµĞºÑ‚Ñ€Ğ¾Ğ³ĞµĞ½ĞµÑ€Ğ°Ñ‚Ğ¾Ñ€. ĞŸÑ€Ğ¸ĞºĞ¾Ğ»ÑŒĞ½Ğ¾, Ğ½Ğ¸ĞºĞ¾Ğ³Ğ´Ğ° Ğ±Ñ‹ Ñ€Ğ°Ğ½ÑŒÑˆĞµ Ğ½Ğµ Ğ¿Ğ¾Ğ´ÑƒĞ¼Ğ°Ğ», Ñ‡Ñ‚Ğ¾ Ğ² Ğ¯Ğ¿Ğ¾Ğ½Ğ¸Ğ¸ Ñ‚Ğ°ĞºĞ¸Ğµ Ñ‚ĞµÑ…Ğ½Ğ¸Ñ‡ĞµÑĞºĞ¸Ğµ ÑƒÑÑ‚Ñ€Ğ¾Ğ¹ÑÑ‚Ğ²Ğ° Ñ€Ğ°ÑĞ¿Ñ€Ğ¾ÑÑ‚Ñ€Ğ°Ğ½ĞµĞ½Ñ‹ :)",https://www.youtube.com/watch?v=kLmopK-qDwk,@HNN_CBEPXCNCTEM_CCCP_NM._COBbl,0,
"Then Please Explain Why There Is NO Visible 9.2 Earthquake Damage On Bridges, Sea Walls, Buildings, Power-line Poles, Etc. Just Water Damage Without A 9.2 Earthquake Preceding This Water Event?????????? Bull Shit---->",https://www.youtube.com/watch?v=kLmopK-qDwk,@williambenison9444,0,
"The earth quake was miles away under water. Buildings WERE shaking etc, but it was the ensuing tsunami that caused the damage.",https://www.youtube.com/watch?v=kLmopK-qDwk,@MsGhostie.u,0,
"Japan is known for their earthquakes and thus there is very strict rules in how to build things. They need to be able to withstand them.

Only Americans are stupid enough not to learn from their mistakes. They keep building shoebox houses in tornado prone areas. They are stupid, not the Japanese.",https://www.youtube.com/watch?v=kLmopK-qDwk,@NaeniaNightingale,0,
"Because unlike the US, Japan have strict earthquake protocols and rules when it comes to building things. They are not made by carton boxes like in the US. However they can do little to protect themselves against tons upon tons of water trashing everything in its way.

Itâ€™s not bs, its people with brains doing things the correct way.",https://www.youtube.com/watch?v=kLmopK-qDwk,@NaeniaNightingale,0,
"The town appears to have fully recovered, amazingly.  Today there is no sign of the destruction, and it's full of cars and homes and businesses again.  And now they have a shopping mall.",https://www.youtube.com/watch?v=kLmopK-qDwk,@Xezlec,1,
But they still are in dire need of young people moving there or the town will die out despite all their efforts.,https://www.youtube.com/watch?v=kLmopK-qDwk,@NaeniaNightingale,0,
Total devastation!!!ğŸ˜¢ğŸ’”,https://www.youtube.com/watch?v=kLmopK-qDwk,@carolsherman1768,1,
Poor filming. To much moving around.,https://www.youtube.com/watch?v=kLmopK-qDwk,@frankthetank2637,0,
"I wonder if people felt health problems due to the problems with fokushima 

It gives hope that here are people shown, who survived and how. Let's pray for the security of our japanese friends !",https://www.youtube.com/watch?v=kLmopK-qDwk,@humanrightsatfirst9163,2,
"Was very cold out also ,,to make chaos to havoc n death..",https://www.youtube.com/watch?v=kLmopK-qDwk,@Otis-b8u,0,
"Water... every life form on the planet needs it to survive. When you see waters raw strength like this it is incredible. I'm sure after 13 years there is still a little physical clean up. I'm sorry for your loss if you lost loved ones the mental clean up is the hardest one,.",https://www.youtube.com/watch?v=kLmopK-qDwk,@MrSpikebender,1,
"Porque Ã s autoridades nÃ£o avisaram essas pessoas com antecedÃªncia, dÃ¡ pra ver pessoas caminhando e carros andando normalmente uns 10 minutos antes do tisunami invadir a cidade.",https://www.youtube.com/watch?v=kLmopK-qDwk,@Micolal761,0,
ãƒ¯ãƒ³ã¡ã‚ƒã‚“å¯å“€æƒ³ğŸ˜­,https://www.youtube.com/watch?v=kLmopK-qDwk,@é¢¨é›²ãƒ©ã‚¤ã‚ªãƒ³ä¸¸,1,
KhÃ´ng cÃ³ xem Ä‘Æ°á»£c le quÃ¡ xem khÃ´ng ká»‹p moi máº¯c láº¯m báº¡n Æ¡i,https://www.youtube.com/watch?v=kLmopK-qDwk,@Äáº¡tTráº§nTiáº¿n-w2b,0,
majority of buildings that survived were made of concrete,https://www.youtube.com/watch?v=kLmopK-qDwk,@daiberry-cp8ee,1,
Yeah they withstand the tsunami waves ğŸŒŠ waters but they would not survive a tornado ğŸŒª,https://www.youtube.com/watch?v=kLmopK-qDwk,@cs77smith67,0,
"What made me watch this was hearing about the Earthquake in Taiwan and that there was possibly a tsunami warning and everything! And watching this devastation just breaks my heart all over again! This is more devastating than watching all the tornadoes hit combined, I'm not saying tornadoes aren't heartbreaking to see but this is so much more on a larger scale!",https://www.youtube.com/watch?v=kLmopK-qDwk,@dianamccutcheon313,2,
ğŸ˜¢ğŸ˜¢ğŸ˜¢,https://www.youtube.com/watch?v=kLmopK-qDwk,@RobertoPQ-1960,1,
Ğ­Ñ‚Ğ¾ Ğ³Ğ¾Ñ€Ğµ  Ğ²  ÑĞ¿Ğ¾Ğ½Ğ¸Ğ¸  ÑĞ¿Ğ°ÑĞ¸ Ğ¸ ÑĞ¾Ñ…Ñ€Ğ°Ğ½Ğ¸  Ğ»ÑĞ´ĞµĞ¹   Ğ²ÑĞµÑ… Ğ¾Ñ‚ Ğ±ĞµĞ´ğŸ˜¢ğŸ˜¢ğŸ˜¢ğŸ˜¢ğŸ˜¢ğŸ˜¢ğŸ˜¢ğŸ˜¢ğŸ˜¢ğŸ˜¢ğŸ˜¢ğŸ˜¢ğŸ˜¢â¤,https://www.youtube.com/watch?v=kLmopK-qDwk,@Ğ’Ğ°Ğ»ĞµĞ½Ñ‚Ğ¸Ğ½Ğ°ĞšĞ¸Ñ€ÑĞ°Ğ½Ğ¾Ğ²Ğ°-Ğ²4Ğ¸,2,
å—æµ·ãƒˆãƒ©ãƒ•ã®ã‚·ãƒŸãƒ¥ãƒ¬ãƒ¼ã‚·ãƒ§ãƒ³ã‚’è¦³ã‚‹ã¨ã€ç´„äºŒç§’æ¯ã«åãƒ¶æ‰€ä»¥ä¸Šã®é•ã†å ´æ‰€ã§ã€æ¬¡ã€…ã¨ã€ã“ã‚Œã«ç›¸å½“ã™ã‚‹éœ‡åº¦7ãŒã€é€£ç¶šçš„ã«ã‚„ã£ã¦ãã‚‹ã‚‰ã—ã„ã®ã§ã™ã€‚ã“ã‚Œã«ã¯ã€ãŸã£ãŸä¸€ãƒ¶æ‰€ã®éœ‡åº¦7ï½9ã®æºã‚Œã§ã—ãŸã€‚ã“ã®è¢«å®³ã‚ˆã‚Šã‚‚ã€æ¯”ã¹ç‰©ã«ãªã‚‰ãªã„ãã‚‰ã„ã®è¢«å®³ãŒèµ·ã“ã‚‹å¯èƒ½æ€§ãŒã‚ã‚Šã¾ã™ã‚ˆã­ã€‚å¯Œå£«å±±ã‹ã‚‰è¥¿ã®æ–¹ã€…ã¯ã€ã©ã†ã™ã‚‹ã¤ã‚‚ã‚Šãªã®ã§ã—ã‚‡ã†ã‹â“åˆã€éŠšå­æ²–ãŒã€çŸ³å·çœŒã®1æœˆ1æ—¥ã®æ‰‹å‰ã®ã‚ˆã†ãªæºã‚ŒãŒç¶šã‘ã¦èµ·ã“ã£ã¦ã„ã‚‹ã‚ˆã†ãªã®ã§ã™ãŒã€çŸ³å·çœŒã¨åŒã˜ã‚ˆã†ãªè¿‘æœªæ¥ãŒæ¥ãŸã‚‰ã€é–¢æ±åœ°æ–¹ã¯ã©ã†ã™ã‚‹ã¤ã‚‚ã‚Šãªã®ã§ã—ã‚‡ã†ã‹â“é–¢æ±å¹³é‡ã«ã¯ã€é«˜ã„å±±ãŒ ã²ã¨ã¤ã‚‚ãªã„ã®ã§ã™ã‚ˆã­ğŸ˜«ğŸ˜±ã€‚å—æµ·ãƒˆãƒ©ãƒ•ã§ã»ã¨ã‚“ã©ã®ğŸ‡¯ğŸ‡µäººãŒğŸ˜Šæ­»ã‚“ã§ã€éŠšå­æ²–ã§é–¢æ±åœ°æ–¹ãŒã»ã¨ã‚“ã©æ­»ã‚“ã§ğŸ¤”ğŸ˜¥ãƒ»ãƒ»ãƒ»ã€‚æã‚ã—ã„ã¨æ€ã„ã¾ã™ã€‚æ­»ã«ãŸããªã„ã§ã™ã‚ˆã­ğŸ˜«ğŸ˜±ğŸ’”ã€‚ã©ã†ã™ã‚‹ã¤ã‚‚ã‚Šãªã‚“ã§ã—ã‚‡ã†ã‹ã€‚ğŸ˜¢ã€‚æ€–ã„ã§ã™ğŸ˜±ğŸ’”ğŸ˜¥,https://www.youtube.com/watch?v=kLmopK-qDwk,@æµå­ç”°æ¾¤,1,
Don't feel bad. You couldn't do anything to help them. You would have become a victim yourself and that doesn't help anybody.,https://www.youtube.com/watch?v=kLmopK-qDwk,@IC27185,0,
ğŸ™,https://www.youtube.com/watch?v=kLmopK-qDwk,@Isao-k9g,0,
"When the person with the camera walks out of the building and turns towards the front entrance at 53:35 on this video, the banner on the wall reads: â€œ50 years since Chile - Letâ€™s spread the word about earthquakes and tsunamis. Letâ€™s raise the fear of tsunamis! Disaster prevention awarenessâ€ How ironic is that?ğŸ˜¢",https://www.youtube.com/watch?v=kLmopK-qDwk,@raydennis1946,14,
Definetly would have been a hard thing to imagine . Thank you for educational yet tragic information . For some reason i tend to revisit every few years .,https://www.youtube.com/watch?v=kLmopK-qDwk,@ddds-ys4xv,11,
"I, too, revisit these videos from 2011.  And now with the Russian earthquake and tsunami, I am rewatching some of these all over again. I think I have seen most of them quite a few times. I'm fascinated by what was set in motion. Blessings! Peace! To All! â¤ï¸â€ğŸ”¥",https://www.youtube.com/watch?v=kLmopK-qDwk,@KM-Mink,3,
Ğ’ ĞšĞĞ–Ğ”ĞĞ™ Ğ›ĞĞ”ĞšĞ• ĞœĞĞ¡Ğ›Ğ Ğ¢ĞĞŸĞ›Ğ˜Ğ’Ğ,https://www.youtube.com/watch?v=kLmopK-qDwk,@Ğ®Ñ€Ğ¸ĞºĞ¡Ğ²Ğ¾Ğ¹,0,
"I live in Oregon, my coast has mtns for protection? It always seems to feel a lil dangerous just to visit the coast.",https://www.youtube.com/watch?v=kLmopK-qDwk,@briandrake9467,2,
"True,, but that ends up making the river beds susceptible, and the towns further inland. Like Brookings doesn't have a whole lot of protection by itself but I'm curious how far inland a tsunami could travel up the Rogue at Gold Beach? I know the elevation startes to be a problem at some points but these things obviously have some gusto behind Them pushing. I'm in Medford and don't think it could reach the Rogue River near here this far inland, but the mountains might just end up helping the tsunami end up more inland due to the rivers. I am glad my friend who has a house in Brookings in atop a hill tho. Seems less likely to be damaged there.",https://www.youtube.com/watch?v=kLmopK-qDwk,@missdejablue,0,
At 3 minute mark what is the guy rambling on about please ? Isnt same emergency message to be sent as tsunami is close and wave height.,https://www.youtube.com/watch?v=kLmopK-qDwk,@davidcarroll965,0,
"Actually, this city was defenseless without any ocean walls least to say waterbreakers.",https://www.youtube.com/watch?v=kLmopK-qDwk,@vanimanjuakella,0,
"They did have them, but they werenâ€™t high enough. Especially when the water receded 3m, they had no chance whatsoever :/",https://www.youtube.com/watch?v=kLmopK-qDwk,@NaeniaNightingale,0,
â€‹Â @NaeniaNightingaleÂ  Don't argue!,https://www.youtube.com/watch?v=kLmopK-qDwk,@vanimanjuakella,0,
"Inu, neko, nezumi yoku wakaru 
 . . .  Nige!!",https://www.youtube.com/watch?v=Cys8581RSXE,@nancydelu4061,0,
"I remember in the 1950s o'ahu jima.  fumiko told me ""tha sucked Hilo bay dry"" ""all dry."" ""Then ocean water, like a wall CAME.""",https://www.youtube.com/watch?v=Cys8581RSXE,@nancydelu4061,0,
ä¹æ­»ã«ä¸€ç”Ÿã‚’çµŒãŸäººãŒ3äººã‚‚æ˜ ã£ã¦ã‚‹ã“ã®å‹•ç”»ã™ã”ã„â€¦,https://www.youtube.com/watch?v=Cys8581RSXE,@mametarou87,0,
I have to say those breakwaters did their job and then some.,https://www.youtube.com/watch?v=Cys8581RSXE,@nancycunningham4225,0,
Why on earth was that old man walking about down there as the next wave was coming ?! Did he reach a building ok? My anxiety watching this,https://www.youtube.com/watch?v=Cys8581RSXE,@traceyoneill8627,0,
The dog barking breaks my heart. Animals know it's time to go and everyone was ignoring it,https://www.youtube.com/watch?v=Cys8581RSXE,@simplymeconnie,0,
æœ€å¾Œã®æ–¹ã€ã€Œå­ã©ã‚‚ã«è¦‹ã›ã‚‹ãªã€ã£ã¦è¨€ã£ã¦ã‚‹ã­ã€‚,https://www.youtube.com/watch?v=Cys8581RSXE,@01takethechance,0,
"æ˜ åƒã«ãƒãƒ©ãƒ›ãƒ©ã¨æ˜ ã£ãŸäººãŸã¡ãŒã¿ã‚“ãªç„¡äº‹ã§ã‚ã£ã¦ã»ã—ã„ã€‚ã©ã†ãªã£ãŸã‚“ã ã‚ã†â€¦
ãã‚Œã«ã—ã¦ã‚‚ã“ã‚“ãªã«é•·æ™‚é–“ã®å‹•ç”»ã‚’è¦‹ãŸã®ã¯åˆã‚ã¦ã§ã€æ´¥æ³¢ãŒä½•åº¦ã‚‚ä½•åº¦ã‚‚æ¥ã‚‹ã“ã¨ãŒã‚ˆãåˆ†ã‹ã£ãŸã€‚",https://www.youtube.com/watch?v=Cys8581RSXE,@01takethechance,0,
Your brother in law is not your  mother's unmarried son! Hello,https://www.youtube.com/watch?v=Cys8581RSXE,@GaryKemple-k6e,0,
Dengan tekhonogi.. semoga semua aman bisa di berikn tanda peringatann salut.. ğŸ‡®ğŸ‡©ğŸ‡¯ğŸ‡µ,https://www.youtube.com/watch?v=Cys8581RSXE,@RantoSuranto-s1s,0,
"Ğ£Ğ¶Ğ°ÑĞ½Ğ°Ñ Ñ‚Ñ€Ğ°Ğ³ĞµĞ´Ğ¸Ñ,Ğ¶Ğ°Ğ»ĞºĞ¾ Ğ»ÑĞ´ĞµĞ¹,ÑĞ¸Ğ»Ñƒ Ğ¿Ñ€Ğ¸Ñ€Ğ¾Ğ´Ñ‹ Ğ½Ğµ Ñ‡ĞµĞ¼ Ğ½Ğµ Ğ¾ÑÑ‚Ğ°Ğ½Ğ¾Ğ²Ğ¸Ñ‚ÑŒ",https://www.youtube.com/watch?v=Cys8581RSXE,@Ğ•Ğ»ĞµĞ½Ğ°Ğ”ÑÑĞµĞ¼Ğ±Ğ°ĞµĞ²Ğ°-Ñƒ5Ğ¼,0,
DON'T WATCH THE FIRST 20 MINUTES.   SAME THING.,https://www.youtube.com/watch?v=Cys8581RSXE,@TERRENCEDOOLEY,0,
ç€¬æˆ¸éš›ãƒãƒƒã‚­ãƒªã¨ç”Ÿã¨æ­»ã®å ´æ‰€ãŒã‚ã‹ã‚Œã¦ã„ãŸã‚ã‘ã§ã¯ãªããã£ã¨ã‚ã¨ä¸€æ­©ã§åŠ©ã‹ã£ãŸã®ã«ã£ã¦æ–¹ã‚‚æ²¢å±±ã„ã‚‰ã£ã—ã‚ƒã£ãŸã“ã¨ã§ã—ã‚‡ã†â€¦,https://www.youtube.com/watch?v=Cys8581RSXE,@user-ui9lq6jb8e,0,
"I've watched overr n over n over this Japan video. I'm from Hawaii n raised to respect the ocean's behavior. We listen very carefully to any tsunami warniings n we run or  drive fast causing gridlock all over the islands, but we get home where its safe. In Waikiki, hotells help  their guests to higher floors n our buses help people escape. No panic cuz our gov't. n all the people in the islands pray n help one another get home or get to s safe destinationğŸ‰ğŸ‰â¤",https://www.youtube.com/watch?v=Cys8581RSXE,@rochellecano4216,0,
ì™€ìš° ì—„ì²­ë‚˜êµ°,https://www.youtube.com/watch?v=Cys8581RSXE,@ljilji11,1,
"All that destruction in every direction. And still, islands of life.",https://www.youtube.com/watch?v=Cys8581RSXE,@jameszarate1864,0,
The trauma that must exist to witness this horror,https://www.youtube.com/watch?v=Cys8581RSXE,@mirandashort2343,0,
å¥§ã«ã‚ã‚‹é«˜å±¤ãƒ“ãƒ«ã¯ã¾ã ã‚ã‚‹ã‚“ã§ã™ã‹,https://www.youtube.com/watch?v=Cys8581RSXE,@ã‚ã¹ã²ã‚ã‚†ã-o9u,0,
Knowing thereâ€™s probably hundreds of people in that wave being swept awayâ€¦ ğŸ’”,https://www.youtube.com/watch?v=Cys8581RSXE,@PedroPascalsGF,0,
What idiots stay down at the water? Wonder what happened to the guy on the wall,https://www.youtube.com/watch?v=Cys8581RSXE,@Rabbit23,0,
The red and the green t shirt 2 petson probably die,https://www.youtube.com/watch?v=Cys8581RSXE,@indonesia7789,0,
THE DOG BARKING SENSES THE DANGER IS COMING.ğŸ•,https://www.youtube.com/watch?v=Cys8581RSXE,@Scorpio.Iamher.,0,
"They know they live in an area where this happens, yet do little to nothing in way of sea defence.. BET YOU WISHED YOU BUILT A WALL 90 FOOT HIGH NOW DON'T YA. 
And i am guessing that even after this event what have they done ?  Well i'll tell you, nothing apart from  rebuild back on the same spot and collect as much polystyrene  as possible. I have no sympathy for people like this. Aye  up mate !  You can't park there..",https://www.youtube.com/watch?v=Cys8581RSXE,@Randolph-l9n,1,
é‡œçŸ³ã˜ã‚ƒã‚“,https://www.youtube.com/watch?v=Cys8581RSXE,@sinkbom8869,0,
èˆ¹ã§æµ·å‘ã‹ã£ã¦ã‚‹ã®ã¯æ²–ã®æ–¹ãŒã¯ã‚‹ã‹ã«å®‰å…¨ã¨ã¾ã§ã¯è¨€ãˆãªã„ãŒé™¸åœ°ã‚ˆã‚Šã¯è‰¯ã„ã£ã¦ã“ã¨ã‚‰ã—ã„,https://www.youtube.com/watch?v=Cys8581RSXE,@Mato20082,0,
id like to hear more from survivors and more of the experiences i've watched some but its incredible to think most those building got reduced into splinters and back to the foundations i really don't think the people still don't see how much danger they were in even when the port and the docks disappeared slowly they were casually watching its only until most of the structures were gone that they knew they were in trouble.,https://www.youtube.com/watch?v=Cys8581RSXE,@ryanjamespemberton9190,0,
The amount of danger these people were in and they had very little to judge accept wait in high places and even the dog was sulking for a good number of minutes before hand its very slow but subtle how much water goes missing and how fast it crept up,https://www.youtube.com/watch?v=Cys8581RSXE,@ryanjamespemberton9190,0,
Japan had very soft houses... Like in USA ğŸ˜¬,https://www.youtube.com/watch?v=Cys8581RSXE,@ShiaTssu,0,
"Girl that's like in 2011, Japan it's not modern yet",https://www.youtube.com/watch?v=Cys8581RSXE,@ramirzx.34,0,
How can the people tell if it is a tsunami warning or a Godzilla attack?,https://www.youtube.com/watch?v=Cys8581RSXE,@maxheadroom-gw1mj,0,
"æ™’ã•ã‚Œå’Œå¼ä¾¿å™¨ã“ã¨å¼¥ç”Ÿç¥ç¤¾ã¯ãªãœã‚­ãƒªã‚¹ãƒˆæ•™ã‚¹ã‚¿ã‚¤ãƒ«ã®æš®ã‚‰ã—ã«ï¼Ÿ
ã‚³ãƒ­ãƒŠã‚¦ã‚¤ãƒ«ã‚¹ã°ã‚‰æ’’ã„ã¦ã‚‹ã‘ã©ã€ãªãœã‚­ãƒªã‚¹ãƒˆæ•™ã‚¹ã‚¿ã‚¤ãƒ«ã®æš®ã‚‰ã—ã«ï¼Ÿ",https://www.youtube.com/watch?v=Cys8581RSXE,@æ°¸ä¹…ã«è™«ç± ã§ã™ã‚ˆ,0,
"åƒè‘‰ã®éœ‡ãˆã‚‹å±±æ‰‹é€šã‚Šãƒ¤ãƒã‚®ã‚·ãƒã‚¢ã‚­ã€‚
å¹´å†…ã«æ­»ã®ã†ã¨ã‚‚è€ƒãˆãªã„ã‚‰ã—ã„ã§ã™ã€‚

ã¾ãŸç”£ã¾ã‚Œã‚‹è€ƒãˆãŒã‚ã‚‹ãã†ã§ã™ã€‚",https://www.youtube.com/watch?v=Cys8581RSXE,@æ°¸ä¹…ã«è™«ç± ã§ã™ã‚ˆ,0,
ãŠã°ã‚ã¡ã‚ƒã‚“ã¯60ä»£ã¨50ä»£ãã‚‰ã„ã€ãŠæ¯ã•ã‚“ã¯20ä»£å¾ŒåŠã§ã€ãŠçˆ¶ã•ã‚“ã¯40ä»£å‰åŠã€ãŠå§‰ã¡ã‚ƒã‚“ã¯1æ­³åŠã¨ã‹ã‹â€¦å…„ã¨ç§ã¯ç”Ÿã¾ã‚Œã¦ãªã‹ã£ãŸã‘ã©ã€ç”Ÿãã¦ã¦ã‚ˆã‹ã£ãŸã€‚,https://www.youtube.com/watch?v=Cys8581RSXE,@ãƒšãƒšãƒš6,1,
å‘ã“ã†ã«è¦‹ãˆã‚‹é»’ã„å£ãŒé«˜ã„æ³¢,https://www.youtube.com/watch?v=Cys8581RSXE,@user-qd6qx6fm7u,0,
And the Darwin Award goes to the men on the pier who don't seem to notice that a tsunami is about to barrel down on them.ğŸ™„,https://www.youtube.com/watch?v=Cys8581RSXE,@CherylLynn-w6r,0,
éœ‡ç½ã‚’ãƒã‚«ã«ã—ã¦ã‚‚è‰¯ã„ã‘ã©ã€ãŸã ä¸€ã¤ã“ã‚“ãªã“ã¨ãŒã‚ã£ãŸã¨çŸ¥ã£ã¦æ¬²ã—ã„ã€‚æœªæ¥ã‚’ç¹‹ãçŸ¥è­˜ã«ãªã‚‹ã¨æ€ã†ã‹ã‚‰ã€‚å‡ºå¼µã§æ¥ãŸæ–¹ãŒæ´¥æ³¢ã§äº¡ããªã£ã¦ã—ã¾ã£ãŸã®ã§ã€ã©ã“ã«ä½ã‚“ã§ã„ã¦ã‚‚é–¢ä¿‚ã‚ã‚Šã¾ã›ã‚“ã€‚é‡œçŸ³ã®å¥‡è·¡ã¯å¥‡è·¡ã§ã¯ã‚ã‚Šã¾ã›ã‚“ã€‚æ•™ãˆã‚’å®ˆã£ãŸã¾ã§ã®ã“ã¨ã€‚,https://www.youtube.com/watch?v=Cys8581RSXE,@SZKMtgh,1,
El perro ya estaba ladrando desde antes ğŸ˜®ğŸ˜®ğŸ˜®ğŸ˜®ğŸ˜®ğŸ˜®ğŸ˜®ğŸ˜®ğŸ˜®ğŸ˜®ğŸ˜®,https://www.youtube.com/watch?v=Cys8581RSXE,@ReneValdiviaVergara,1,
"Que impresionante, me doy cuenta que El capitan de los primeros minutos. Tuvo la valentÃ­a y , quizÃ¡ la experiencia de pilotar el NavÃ­o junto con la ola de el tsunami . Estoy seguro y ojalÃ¡ asÃ­ sea, de que llegaron mÃ¡s rÃ¡pido a tierra .",https://www.youtube.com/watch?v=Cys8581RSXE,@ReneValdiviaVergara,0,
"Strange how the radio is calmly issuing warnings, while the actual apocalypse is occurring outside.",https://www.youtube.com/watch?v=Cys8581RSXE,@MarkGeraghty,0,
japanese women talk a lot.,https://www.youtube.com/watch?v=Cys8581RSXE,@donwelch6612,0,
Someone shut up the stupid dog.,https://www.youtube.com/watch?v=Cys8581RSXE,@markblix6880,0,
21:35 its heartbreaking to hear these people laughğŸ˜¢,https://www.youtube.com/watch?v=Cys8581RSXE,@TheFoxYTB,2,
"I have questions. I live thousands of miles from any ocean, sea or gulf. In corn country. I know nothing about these.
If you're in a boat or ship can you feel an earthquake? Even an under the ocean type?
Why do I see boats rushing TOWARDS the waves as sirens are going off? Opposed to quickly docking and running to higher ground?
Can a large ship survive huge waves such as the 3.11 ones?",https://www.youtube.com/watch?v=Cys8581RSXE,@ShayJaxson-m2z,0,
Really bad camera man hopeless,https://www.youtube.com/watch?v=Cys8581RSXE,@Ty-edwardDevlin,0,
Shut the dog up,https://www.youtube.com/watch?v=Cys8581RSXE,@Ty-edwardDevlin,0,
ã¾ã•ã«æ´¥æ³¢ã‚¦ã‚©ãƒ¼ãƒ«,https://www.youtube.com/watch?v=Cys8581RSXE,@yukihiro9306,0,
Some person reached out and SLAP the person who is laughing and thinks this is funny ğŸ˜«ğŸ˜«ğŸ˜« it is so NOT FUNNY AND HE IS AN IDIOT @$$hole ğŸ˜¢ğŸ˜¢ğŸ˜¢,https://www.youtube.com/watch?v=Cys8581RSXE,@JustHuntr,0,
ë¶€ë”” ë‹¤ì‹œëŠ” ì´ëŸ° ì¼ì´ ë°˜ë³µë˜ì§ˆ ì•Šê¸¸..  ë‚œ ì´ ë‚ ì„ ìŠì§€ ëª»í•œë‹¤.,https://www.youtube.com/watch?v=Cys8581RSXE,@hihihi97,4,
The whole beginning I think Iâ€™m looking out at the horizon. Then I saw the white foam and realized that was the wave.,https://www.youtube.com/watch?v=Cys8581RSXE,@ilovebeansOO,0,
seeing the water retract as a second wave builds up power is terrifying.,https://www.youtube.com/watch?v=Cys8581RSXE,@sc_____94x,1,
Read more: https://www.foxnews.com/us/one-largest-earthquakes-ever-recorded-strikes-off-coast-russia-more-top-headlines,https://www.youtube.com/watch?v=UZecnRSnOdg,@FoxNews,0,
ğŸ˜±,https://www.youtube.com/watch?v=UZecnRSnOdg,@johnjuarez6900,0,
Does Long Beach or Santa Monica have that horn? ğŸ˜‚,https://www.youtube.com/watch?v=UZecnRSnOdg,@lostmic,1,
"""O mankind, fear your Lord. Indeed, the convulsion of the [final] Hour is a terrible thing.
On the Day you see it every nursing mother will be distracted from that [child] she was nursing, and every pregnant woman will abort her pregnancy, and you will see the people [appearing] intoxicated while they are not intoxicated; but the punishment of Allah is severe.
And of the people is he who disputes about Allah without knowledge and follows every rebellious devil.
Â It has been decreed for every devil that whoever turns to him - he will misguide him and will lead him to the punishment of the Blaze.""(Quran 22:1-2-3-4)",https://www.youtube.com/watch?v=UZecnRSnOdg,@robindesbois1551,0,
"The question is why earthquakes exist? 
The natural answer is because of the ring of fire.
Then why the ring of fire existed ? Why the best creator made the earth imperfect?
I didn't see other explanation beside the remembrance of the ""Final  Hour"".....",https://www.youtube.com/watch?v=UZecnRSnOdg,@robindesbois1551,0,
"Success takes time, never give up.",https://www.youtube.com/watch?v=UZecnRSnOdg,@chrisoulalakkas7935,0,
Its a false alarm before the big one ğŸ¤”,https://www.youtube.com/watch?v=UZecnRSnOdg,@stargazer8841,0,
First Ozzy Osbourne's concert in the underworld and look what we got!,https://www.youtube.com/watch?v=UZecnRSnOdg,@MrD4nii2,0,
Its harp,https://www.youtube.com/watch?v=UZecnRSnOdg,@PaoVang-w3c,0,
"REPENT AND FOLLOW JESUS CHRIST BEFORE ITS TOO LATE ğŸ”´ 

JESUS CHRIST IS THE ONLY HOPE âœï¸",https://www.youtube.com/watch?v=UZecnRSnOdg,@jesuschristislord9150,1,
Coming soon many AI fakes of the tsunamis. Know how to tell the difference.,https://www.youtube.com/watch?v=UZecnRSnOdg,@IAMCAVE,0,
"In last week, people said we will have big tsunami will come to west coastâ€¦ In reality, there is no harmful, just small tsunami and weakened. People are so embarrassed for believing that",https://www.youtube.com/watch?v=UZecnRSnOdg,@demondog804,0,
I live in Tracy and heard the tsunami sirens going off at 4:15 am this morning. It's tragic.,https://www.youtube.com/watch?v=UZecnRSnOdg,,0,
Nothing happened,https://www.youtube.com/watch?v=UZecnRSnOdg,@Lesseplesse,0,
Well atleast they got alerted.,https://www.youtube.com/watch?v=UZecnRSnOdg,@sandralynn7321,0,
"So thereâ€™s no Epstein list, right?   Trumpâ€™s off the hook along with all the other unnamed pedos?",https://www.youtube.com/watch?v=UZecnRSnOdg,@beastshawnee,0,
"Nice story, now release the files.",https://www.youtube.com/watch?v=UZecnRSnOdg,@knowwhey7559,0,
"Very thankful when I got up this morning that I wasn't looking at reports of damage to the west coast, Hawaii and Alaska!",https://www.youtube.com/watch?v=UZecnRSnOdg,@thisrollercoasterlife498,1,
My toes got wet at low tide this morning.,https://www.youtube.com/watch?v=UZecnRSnOdg,@JeremiahMolyneau,0,
Somebody ask Pam Bondi where she put those Epstein binders.,https://www.youtube.com/watch?v=UZecnRSnOdg,@twosons5290,0,
welcome â¤â¤â¤â¤ğŸ˜¢ğŸ˜¢ğŸ˜¢,https://www.youtube.com/watch?v=UZecnRSnOdg,@SomoIya-s4h,0,
How about Oprah?? Letâ€™s talk about her lack of assistance during this potentially dangerous event. ğŸ˜®ğŸ˜¡,https://www.youtube.com/watch?v=UZecnRSnOdg,@DotAndDasho,0,
"Keep up the publicity ABC, the files must be released",https://www.youtube.com/watch?v=UZecnRSnOdg,@Lightninghawk1144,0,
"Fox covered this like there was a massive tsunami happening. It really shows how they're just sensationalist newsâ€”fake, chasing clicks, reactions, and attention.",https://www.youtube.com/watch?v=UZecnRSnOdg,@BlueGreen736,0,
"Crazy thing about Japanese captains is the second they hear tsunami sirens they drop everything, run to their boats and go full speed towards the wave. Even a giant tsunami is little more than a speed bump if you encounter it in deep waters. Itâ€™s when you get close to shore shallow water that the waves become massive in hight and crest. If your boat is at dock itâ€™ll be obliterated. Next to Norwegians the Japanese are some of the best mariners on the planet.",https://www.youtube.com/watch?v=UZecnRSnOdg,@GarC170,0,
**WARNING ICBM INCohnevermind,https://www.youtube.com/watch?v=UZecnRSnOdg,@_bunny3800,0,
The only damage was that in the north there was three huge whales that couldnâ€™t get away,https://www.youtube.com/watch?v=UZecnRSnOdg,@SilviaGoodman-m2o,0,
So California didn't get wiped out â“ğŸ¤” dam that sucks ğŸ’¯ğŸ¤£ğŸ¤£ğŸ¤£ğŸ¤£ğŸ¤£ğŸ¤£,https://www.youtube.com/watch?v=UZecnRSnOdg,@TinaDunaway-h3q,0,
It's a massive..... nothing burger......ğŸ˜…,https://www.youtube.com/watch?v=UZecnRSnOdg,@Thedesertguy75,0,
The good Lord is telling Putin to knock it off learn how to get along! We need peace in this world!,https://www.youtube.com/watch?v=UZecnRSnOdg,@DavidRosebush,0,
WE will put some of these up on the thumbnail the horns in order to listen to things.,https://www.youtube.com/watch?v=UZecnRSnOdg,@KimKemp-p4e,0,
im hoping for a 100ft wave. these 3-5 feet is boring,https://www.youtube.com/watch?v=UZecnRSnOdg,@godlike0630,0,
"Who can be blamed for this?  Dems?  Trump?  Putin?   Come on, Fox can't have a story without blaming someone, so who is it?",https://www.youtube.com/watch?v=UZecnRSnOdg,@bob-p7x6j,0,
About to hit da beach now,https://www.youtube.com/watch?v=UZecnRSnOdg,@2ole9s,0,
I didn t expect to love this as much as I do,https://www.youtube.com/watch?v=UZecnRSnOdg,@Raifukabirat,0,
I donâ€™t know why they sent out a warning. It was an advisory but it wasnâ€™t an official warning. They should have been clear about that.,https://www.youtube.com/watch?v=UZecnRSnOdg,@JenMarco,0,
Bro plz Donâ€™t hit Los Angeles ğŸ˜¢ğŸ˜¢ğŸ˜¢ğŸ˜¢ğŸ˜…,https://www.youtube.com/watch?v=UZecnRSnOdg,@Maxthunder6552,0,
Russia got tsunami bombs they said it this should be a act of,https://www.youtube.com/watch?v=UZecnRSnOdg,@Coffedrummond3456,0,
Iâ€™m sure California will be fineâ€” they have a governor prepared for situations like this ğŸ˜‚ Iâ€™m mean Californians protect yourselves donâ€™t wait for newscum to assist,https://www.youtube.com/watch?v=UZecnRSnOdg,@kimberlymitchell7109,1,
Distraction at its finest,https://www.youtube.com/watch?v=UZecnRSnOdg,@shawngivens8409,0,
Media doing what they do best...fear mongering for views.  Worst part is the idiot said he didnt know how fast a Tsunami traveled. The threat was over a long time ago.,https://www.youtube.com/watch?v=UZecnRSnOdg,@GrinningSpinBin,0,
"I donâ€™t understand this, this is like the biggest earthquake you can have and we donâ€™t get and nothing happened? Iâ€™m pretty sure Iâ€™ve seen documentaries saying we would be so fkd. 9 is like nightmare max",https://www.youtube.com/watch?v=UZecnRSnOdg,@commercialartservicesartwo3133,0,
"To much hype. I saw online comments where people were scared, ridiculous. Itâ€™s purposeful fear mongering.",https://www.youtube.com/watch?v=UZecnRSnOdg,@curtisburrell8122,0,
"Has anyone noticed that they never give a date to these emergencies? So you can play this clip whenever you wish . . . Yesterday, Tomorrow, next Year",https://www.youtube.com/watch?v=UZecnRSnOdg,@JamesDavis-w7v,0,
Yay.,https://www.youtube.com/watch?v=UZecnRSnOdg,@LessSoyThanYou,0,
"A Tsunami is what they call a Tidal Wave coming from Japan. It's a Tidal Wave, that's what Japan calls it. It was no bigger than sitting on a board waiting for the 9th wave ğŸŒŠ",https://www.youtube.com/watch?v=UZecnRSnOdg,@flynnstone3580,0,
Isn't there a large ledge of Lava on hawaii that could cause a tsunami if it breaks off?,https://www.youtube.com/watch?v=UZecnRSnOdg,@IronicallyVague,0,
ğŸ™As predicted by the Bible... Earthquakes in different places. Friends I have a New video for you on The Four Horsemen of the Apocalypse. Go to Papa Joe Fortner or Shockwaves of the End Times. Thank you and God bless you ğŸ™,https://www.youtube.com/watch?v=UZecnRSnOdg,@papajoefortner1817,0,
When the mystic falls flood happened people were LIVID that there was no warning. But when we are warned people get upset that nothing happened and people say â€œslow news dayâ€. This situation just proved that people are never happy no matter what. I have human fatigue,https://www.youtube.com/watch?v=UZecnRSnOdg,@kinkykatt,0,
Tsunami was caused by nuclear bomb.,https://www.youtube.com/watch?v=UZecnRSnOdg,@ReynaldoMarcano-m7w,0,
